"Title","Price","Original Price","Discount","Revenue","Net Profit","Monthly Profit","Site Age","Industry","Monetization","Country","Description","Link","Verified","Sponsored"
"SaaS | Business","USD $3,000","N/A","N/A","N/A","USD $4,151 p/mo","USD $4,151 p","15 years","Business","Other","India","Newbie Friendly | Established Business | Zero Ad Spend | Custom Platform & Outsourced Fulfilment|Easy To Run| No Technical Knowledge & No Coding Skills Required","https://flippa.com/11943032","Yes","Yes"
"Liro.ai - AI-Powered Image Generation","USD $2,160","USD $9,000","Reduced 76%","N/A","USD $11 p/mo","USD $11 p","<1 year","Internet","Services & Subscriptions","GA, United States","Liro.ai transforms text prompts into hyper-realistic images instantly, catering to designers, marketers, and businesses. A scalable, privacy-focused, and revenu","https://flippa.com/11905664","Yes","Yes"
"SmartShare.co","USD $4,580","N/A","N/A","N/A","USD $89 p/mo","USD $89 p","6 years","Internet","Other","NC, United States","A 5 year old aged platform able to Supercharge Campaigns. 
Shorten, track, add links with call-to-actions, retargeting pixels, branded and powerful analytics","https://flippa.com/11883744","Yes","No"
"Clonaleur - Wordpress AI Writing Plugin","USD $5,000","N/A","N/A","N/A","USD $801 p/mo","USD $801 p","<1 year","Internet","Services & Subscriptions","Australia","A MRR modelled SaaS Wordpress Plugin in the AI content generation niche for automating written and image based content from specified sources.","https://flippa.com/11795835","Yes","No"
"Golf Ai Guru | Ai-Powered Swing Analysis","USD $4,997","N/A","N/A","N/A","USD $13 p/mo","USD $13 p","<1 year","Sports and Outdoor","Affiliate Sales","United Kingdom","AI golf swing analysis SaaS. Upload video, get instant feedback, pose data, chat coaching & progress tracking. Python, React, Supabase, Stripe, Serverless.","https://flippa.com/11955560","Yes","No"
"rethink.onl","USD $2,800","N/A","N/A","N/A","USD $123 p/mo","USD $123 p","5 years","General Knowledge","Adsense","N/A","rethink.onl, Jobscue.com, hotShot.world, Blabboo.com, themarryme.com, ADmax.store needs Funding !","https://flippa.com/10879876","No","No"
"Motionit","USD $5,000","N/A","N/A","N/A","USD $48 p/mo","USD $48 p","2 years","Design and Style","Services & Subscriptions","Italy","Motionit redefines slide-making for students, teachers, and business professionals. Our advanced AI generates elegant slides from keywords or documents, taking","https://flippa.com/11915659","Yes","No"
"bussmix.com","USD $2,099","N/A","N/A","N/A","USD $0 p/mo","USD $0 p","1 year","Internet","Ads","Romania","You can set up your own CRM online SaaS business in under 10 minutes. Elevate your SaaS business with Busmixx CRM, the ultimate solution for customer relations.","https://flippa.com/11739450","No","Yes"
"Bliscop","USD $2,000","N/A","N/A","N/A","USD $0 p/mo","USD $0 p","4 years","Electronics","Ecommerce","Spain","SaaS and e-commerce with a focus on retail POS products","https://flippa.com/10925423","Yes","No"
"Story Treasure","USD $3,900","N/A","N/A","N/A","USD $41 p/mo","USD $41 p","<1 year","Entertainment","Services & Subscriptions","Germany","A web app that generates custom illustrated children's books from short prompts. Great for bilingual families & parents tackling tough topics.","https://flippa.com/11923766","No","No"
"Signchain","USD $4,500","USD $5,000","Reduced 10%","N/A","USD $0 p/mo","USD $0 p","<1 year","Business","Services & Subscriptions","United Kingdom","Utilizes blockchain to secure digital signatures, ensuring document authenticity with transparent, tamper-proof technology.","https://flippa.com/11923655","Yes","No"
"flyingAmigo","USD $2,000","N/A","N/A","N/A","-USD $31 p/mo","-USD $31 p","1 year","Travel","Affiliate Sales","Ireland","FlyingAmigo connects travelers and shoppers worldwideearn by bringing items from abroad, or find what you love from anywhere. Safe, easy, global shopping.","https://flippa.com/11961245","Yes","No"
"talentandtalent.net","USD $3,000","N/A","N/A","N/A","N/A","N/A","6 years","Education","N/A","N/A","Talent Management, Human Resources and Career Development","https://flippa.com/10747217","Yes","No"
"Nexignal - Forex & Crypto Trading Signals SaaS","USD $3,500","N/A","N/A","N/A","USD $0 p/mo","USD $0 p","<1 year","Internet","Services & Subscriptions","NJ, United States","Nexignal - Crypto & Forex Signals Saas - Fully Developed, High Income Potential","https://flippa.com/11938102","No","Yes"
"DearAI: AI Girlfriend SAAS , Trending and High Potential Product","USD $4,999","N/A","N/A","N/A","USD $0 p/mo","USD $0 p","<1 year","Internet","Services & Subscriptions","WA, United States","DearAI: Where hearts meet AI. Create meaningful connections with personalized companions who understand, remember, and care. Ready for your vision.","https://flippa.com/11913852","No","No"
"Brand Suggest - Business Listing For Service Agency, Softwares Companies and SAAS Listing & Reviews","USD $2,430","USD $5,000","Reduced 51%","N/A","USD $0 p/mo","USD $0 p","1 year","Internet","Services & Subscriptions","TX, United States","Business Listing Marketplace for Softwares, Service Providers and SAAS with promotional and marketing features. 1200+ businesses already registered.","https://flippa.com/11945840","No","No"
"Forex Broker Turn key","USD $5,000","N/A","N/A","N/A","USD $0 p/mo","USD $0 p","7 years","Business","Affiliate Sales","Israel","Turnkey Forex Broker is a complete package of online forex: stocks, indices, crypto, metals trading brokers that includes an active platform, website, trader's.","https://flippa.com/10977122","No","No"
"getvidio.com","USD $5,000","USD $8,000","Reduced 38%","N/A","USD $30 p/mo","USD $30 p","<1 year","Business","Services & Subscriptions","France","AI-Powered Tool that Automates UGC Ad Creation with Real Avatars, Helping Businesses Save Time and Cut Costs on Video Production","https://flippa.com/11935982","No","No"
"playlistparrot.com","USD $2,500","N/A","N/A","N/A","USD $8 p/mo","USD $8 p","5 years","Entertainment","Subscription","N/A","SaaS / Entertainment","https://flippa.com/10831470","No","No"
"nachai.me","USD $5,000","N/A","N/A","N/A","USD $0 p/mo","USD $0 p","5 years","Lifestyle","Ads","N/A","SaaS / Lifestyle","https://flippa.com/10649649","No","No"
"Voxinstudio.com","USD $4,500","N/A","N/A","N/A","USD $0 p/mo","USD $0 p","4 years","Internet","Services & Subscriptions","Thailand","Not for sale","https://flippa.com/10954394","No","No"
"bemall.it","USD $5,000","N/A","N/A","N/A","USD $0 p/mo","USD $0 p","4 years","Business","N/A","N/A","Cloud saas for italian fashion retailers","https://flippa.com/10915451","No","No"
"corpintechservices.com","USD $4,997","N/A","N/A","N/A","-USD $12 p/mo","-USD $12 p","4 years","Business","Subscription","N/A","2 SaaS connected as 1, primary for the construction industry","https://flippa.com/10862108","No","No"
"howtoguideyou.com","USD $5,000","N/A","N/A","N/A","N/A","N/A","7 years","Education","N/A","N/A","How To Guide You","https://flippa.com/10866831","Yes","Yes"
"StoryBud: The AI-Powered Interactive Storytelling Platform","USD $2,499","N/A","N/A","N/A","USD $0 p/mo","USD $0 p","<1 year","Internet","Services & Subscriptions","WY, United States","StoryBud creates magical, personalized AI storybooks where children become the heroes of their own adventures, blending education with enchanting entertainment.","https://flippa.com/11913736","No","No"
"Ready Made SaaS for Global Holidays API","USD $3,199","USD $3,999","Reduced 20%","N/A","USD $0 p/mo","USD $0 p","<1 year","Internet","Services & Subscriptions","Singapore","This listing offers a fully developed SaaS application for a Global Holidays API. It is built to provide holiday data for countries and regions worldwide.","https://flippa.com/11902566","No","No"
"petlycare.com","USD $4,250","N/A","N/A","N/A","USD $0 p/mo","USD $0 p","<1 year","Business","Services & Subscriptions","CA, United States","All-in-One Pet Care Platform: Connecting Pet Owners with Qualified Sitters & Services for Convenient, Worry-Free Care!","https://flippa.com/11897129","No","No"
"acta.ai","USD $3,072","USD $8,000","Reduced 62%","N/A","-USD $5,500 p/mo","-USD $5,500 p","<1 year","Internet","Services & Subscriptions","India","White Label Solution for Generating automated meeting minutes . White label for www.acta.ai","https://flippa.com/11887961","Yes","No"
"Optiwing SEO Tools","USD $4,500","USD $5,000","Reduced 10%","N/A","USD $0 p/mo","USD $0 p","2 years","Internet","Services & Subscriptions","OR, United States","2-year-old pay as you go SEO Tool Suite SaaS, with keyword discovery, topical clustering, SERP comparison, and AI content briefing tools.","https://flippa.com/11942709","Yes","No"
"Grantly Club","USD $3,500","N/A","N/A","N/A","USD $205 p/mo","USD $205 p","<1 year","Business","Services & Subscriptions","CA, United States","Ai Grant Writer Application Assistant, cut down grant and application writing time down while increasing approval rate up to 65%.","https://flippa.com/11924167","Yes","No"
"Glimmr","USD $4,997","N/A","N/A","N/A","USD $23 p/mo","USD $23 p","2 years","Internet","Services & Subscriptions","FL, United States","Glimmr is a Windows application designed to simplify brightness control across multiple monitors.","https://flippa.com/11943530","Yes","No"
"contactpal.io","USD $4,000","N/A","N/A","N/A","N/A","N/A","4 years","Business","N/A","N/A","ContactPal - email and phone extraction software","https://flippa.com/10675293","No","Yes"
"Sisif.ai","USD $2,000","N/A","N/A","N/A","USD $0 p/mo","USD $0 p","<1 year","Internet","Services & Subscriptions","Romania","Text to video generation tool. It lets you describe your thoughts, and it generates a short-form video.","https://flippa.com/11944215","Yes","No"
"websimplifi.com","USD $2,925","USD $3,250","Reduced 10%","N/A","USD $0 p/mo","USD $0 p","<1 year","Business","Services & Subscriptions","CA, United States","Revolutionize Service Management with Websimplifi - Your All-in-One Multi-Business Booking Solution!","https://flippa.com/11897132","No","No"
"hmyg.io","USD $5,000","N/A","N/A","N/A","N/A","N/A","5 years","Hobbies and Games","N/A","N/A","How Much You Got? (HMYG)","https://flippa.com/10763985","No","No"
"messageshred.com","USD $5,000","N/A","N/A","N/A","N/A","N/A","6 years","Internet","N/A","N/A","Messageshred.com - Secure message sharing with no registration required","https://flippa.com/10233593","No","No"
"flashershop.com","USD $2,100","USD $3,700","Reduced 43%","N/A","USD $0 p/mo","USD $0 p","1 year","Internet","Affiliate Sales","CA, United States","Exclusive Opportunity: Acquire StoreFlasher - The Complete Multi-Vendor Online Store Builder SaaS Platform","https://flippa.com/11747109","No","Yes"
"AI Resume: Get Hired, Powered by AI!","USD $2,450","N/A","N/A","N/A","USD $0 p/mo","USD $0 p","<1 year","Business","Services & Subscriptions","NY, United States","A multimodel AI chatbot SaaS with OpenAI, Gemini, Claude & Grok. Stripe-integrated, scalable, and high-profit potential. Own it now!","https://flippa.com/11920688","No","No"
"eBookColoring","USD $2,500","N/A","N/A","N/A","-USD $5 p/mo","-USD $5 p","<1 year","Design and Style","Services & Subscriptions","Morocco","Create Beautiful Coloring Books with AI :
Turn your ideas into stunning coloring pages with AI . Perfect for artists, parents, educators, and creative minds.","https://flippa.com/11959752","No","No"
"crmpioneer.com","USD $2,400","USD $4,100","Reduced 41%","N/A","USD $0 p/mo","USD $0 p","1 year","Internet","Affiliate Sales","CA, United States","CRMPioneer, a scalable CRM software business with robust project management, lead conversion, and financial control features. Unique opportunity!","https://flippa.com/11747064","No","Yes"
"Basketmaster","USD $3,923","N/A","N/A","N/A","USD $0 p/mo","USD $0 p","6 years","Sports and Outdoor","Services & Subscriptions","Spain","5.2K+ New users, 10+ Countries, and 1K+ followers. Domain name perfect for a video game, club, team, or SaaS.","https://flippa.com/11008770","No","No"
"streamhouse.online","USD $2,100","N/A","N/A","N/A","N/A","N/A","4 years","Business","N/A","N/A","Live Streaming and Event USER managment system","https://flippa.com/10740541","No","No"
"wiredelta.dk","USD $2,500","N/A","N/A","N/A","N/A","N/A","7 years","Internet","N/A","N/A","Custom Time Tracking Tool for Service Businesses and Consultancies","https://flippa.com/10682807","No","No"
"smt-industry.com","USD $2,900","N/A","N/A","N/A","USD $0 p/mo","USD $0 p","1 year","Electronics","Affiliate Sales","FL, United States","Custom B2B/B2C platform with admin panel, advanced search, maps, ads, mobile-ready design. Built in PHP, no CMS. Adaptable to any business niche.","https://flippa.com/11934033","No","No"
"CosmicGuide.Me","USD $2,997","N/A","N/A","N/A","USD $0 p/mo","USD $0 p","<1 year","Entertainment","Services & Subscriptions","United Kingdom","Own the Stars with CosmicGuide.me!

Acquire this captivating and evergreen digital product, crafted with care and expertise in the UK.","https://flippa.com/11854601","No","Yes"
"pulsewavemail.com","USD $3,400","N/A","N/A","N/A","USD $0 p/mo","USD $0 p","1 year","Business","Affiliate Sales","DE, United States","Turnkey SAAS email marketing platform ready for instant revenue. Feature-rich, scalable, and with global payment integration. Start profiting today!","https://flippa.com/11868973","No","No"
"airrentalz.com","USD $5,000","N/A","N/A","N/A","N/A","N/A","5 years","Travel","N/A","N/A","Saas For Hotels & Airbnb","https://flippa.com/10848035","No","Yes"
"makedoodle.com","USD $2,400","N/A","N/A","N/A","USD $0 p/mo","USD $0 p","<1 year","Internet","Services & Subscriptions","TX, United States","Futuristic Artificial Intelligence Technology Colorful Doodle Videos In Any Language","https://flippa.com/11908310","No","No"
"Sales Lingo","USD $5,000","N/A","N/A","N/A","USD $0 p/mo","USD $0 p","<1 year","Business","Services & Subscriptions","DE, United States","Read the body language of your prospects in real-time during your video calls on existing platforms (Zoom, Teams, Meets, etc). 100% undetectable and invisible.","https://flippa.com/11957978","No","No"
"Rapid Rank AI","USD $2,001","N/A","N/A","N/A","USD $0 p/mo","USD $0 p","1 year","Business","Other","OH, United States","Delivers AI-driven SEO solutions, optimizing search rankings through data analysis and automation for enhanced online visibility.","https://flippa.com/11915335","Yes","No"
"jollywhalegame.com","USD $5,000","N/A","N/A","N/A","N/A","N/A","6 years","Hobbies and Games","N/A","N/A","Caption Gifs with Friends","https://flippa.com/10468397","No","No"
"WhiteLabel Trivia -by Ramtech Development Inc.","USD $4,400","USD $5,500","Reduced 20%","N/A","USD $0 p/mo","USD $0 p","<1 year","Travel","Other","Canada","We brand your app with custom logos, colors, and layouts. A seamless, polished look that reflects your identity.","https://flippa.com/11896693","No","No"
"Proctopal","USD $2,500","USD $4,000","Reduced 38%","N/A","USD $0 p/mo","USD $0 p","<1 year","Health and Beauty","Services & Subscriptions","WY, United States","The private companion for people with hemorrhoids & anal conditions","https://flippa.com/11900575","No","No"
"passportQR Modern QR code ticketing system","USD $4,860","USD $6,000","Reduced 19%","N/A","USD $0 p/mo","USD $0 p","<1 year","Entertainment","Services & Subscriptions","NY, United States","PassportQR is a modern QR code ticketing system that simplifies event access control through secure, digital pass generation and real-time validation","https://flippa.com/11934232","No","No"
"Ai Task Prioritizer","USD $2,000","N/A","N/A","N/A","USD $0 p/mo","USD $0 p","<1 year","Lifestyle","Services & Subscriptions","Netherlands","AI Task Prioritizer: SaaS app with AI-driven task prioritization, Stripe subscriptions, analytics, and email reminders. Ready to scale. Modern tech stack!","https://flippa.com/11960284","No","No"
"Brainef - Your Brain for Finance","USD $2,500","N/A","N/A","N/A","USD $0 p/mo","USD $0 p","1 year","Internet","Services & Subscriptions","NY, United States","Brainef.com is an advanced AI platform built to support entrepreneurs, investors, and decision-makers.","https://flippa.com/11942210","No","No"
"My Agreements","USD $5,000","N/A","N/A","N/A","USD $0 p/mo","USD $0 p","<1 year","Business","Services & Subscriptions","Bangladesh","Your all-in-one platform for creating, managing, and signing digital contracts effortlessly.
Demo:https://www.youtube.com/watch?v=IapOSclJ530","https://flippa.com/11939936","No","No"
"vraho.com","USD $4,800","USD $8,000","Reduced 40%","N/A","USD $0 p/mo","USD $0 p","<1 year","Design and Style","Services & Subscriptions","Cyprus","Brand new ai image generator site. Ready to generate revenue with the proper marketing.","https://flippa.com/11913056","No","No"
