Title,Price,Original Price,Discount,Revenue,Net Profit,Monthly Profit,Site Age,Industry,Monetization,Country,Description,Link,Verified,Sponsored,Annual ROI (%),Payback Period (months),Profit Margin (%)
acta.ai,3072.0,"USD $8,000",Reduced 62%,,"-USD $5,500 p/mo",5500.0,<1 year,Internet,Services & Subscriptions,India,White Label Solution for Generating automated meeting minutes . White label for www.acta.ai,https://flippa.com/11887961,Yes,No,2148.4375,0.5585454545454546,
SaaS | Business,3000.0,,,,"USD $4,151 p/mo",4151.0,15 years,Business,Other,India,Newbie Friendly | Established Business | Zero Ad Spend | Custom Platform & Outsourced Fulfilment|Easy To Run| No Technical Knowledge & No Coding Skills Required,https://flippa.com/11943032,Yes,Yes,1660.3999999999999,0.7227174174897615,
Clonaleur - Wordpress AI Writing Plugin,5000.0,,,,USD $801 p/mo,801.0,<1 year,Internet,Services & Subscriptions,Australia,A MRR modelled SaaS Wordpress Plugin in the AI content generation niche for automating written and image based content from specified sources.,https://flippa.com/11795835,Yes,No,192.24,6.242197253433209,
Grantly Club,3500.0,,,,USD $205 p/mo,205.0,<1 year,Business,Services & Subscriptions,"CA, United States","Ai Grant Writer Application Assistant, cut down grant and application writing time down while increasing approval rate up to 65%.",https://flippa.com/11924167,Yes,No,70.28571428571428,17.073170731707318,
rethink.onl,2800.0,,,,USD $123 p/mo,123.0,5 years,General Knowledge,Adsense,,"rethink.onl, Jobscue.com, hotShot.world, Blabboo.com, themarryme.com, ADmax.store needs Funding !",https://flippa.com/10879876,No,No,52.714285714285715,22.764227642276424,
SmartShare.co,4580.0,,,,USD $89 p/mo,89.0,6 years,Internet,Other,"NC, United States","A 5 year old aged platform able to Supercharge Campaigns. 
Shorten, track, add links with call-to-actions, retargeting pixels, branded and powerful analytics",https://flippa.com/11883744,Yes,No,23.31877729257642,51.46067415730337,
flyingAmigo,2000.0,,,,-USD $31 p/mo,31.0,1 year,Travel,Affiliate Sales,Ireland,"FlyingAmigo connects travelers and shoppers worldwideearn by bringing items from abroad, or find what you love from anywhere. Safe, easy, global shopping.",https://flippa.com/11961245,Yes,No,18.6,64.51612903225806,
Story Treasure,3900.0,,,,USD $41 p/mo,41.0,<1 year,Entertainment,Services & Subscriptions,Germany,A web app that generates custom illustrated children's books from short prompts. Great for bilingual families & parents tackling tough topics.,https://flippa.com/11923766,No,No,12.615384615384615,95.1219512195122,
Motionit,5000.0,,,,USD $48 p/mo,48.0,2 years,Design and Style,Services & Subscriptions,Italy,"Motionit redefines slide-making for students, teachers, and business professionals. Our advanced AI generates elegant slides from keywords or documents, taking",https://flippa.com/11915659,Yes,No,11.52,104.16666666666667,
getvidio.com,5000.0,"USD $8,000",Reduced 38%,,USD $30 p/mo,30.0,<1 year,Business,Services & Subscriptions,France,"AI-Powered Tool that Automates UGC Ad Creation with Real Avatars, Helping Businesses Save Time and Cut Costs on Video Production",https://flippa.com/11935982,No,No,7.199999999999999,166.66666666666666,
